timeStamp,elapsed,label,responseCode,responseMessage,threadName,dataType,success,failureMessage,bytes,sentBytes,grpThreads,allThreads,URL,Latency,IdleTime,Connect
1693822080000,2381,Admin Login,200,OK,Thread Group 1-1,text,true,,592,310,4,4,https://dmoney.roadtocareer.net/user/login,2374,0,2327
1693822080579,1802,Admin Login,200,OK,Thread Group 1-4,text,true,,592,310,4,4,https://dmoney.roadtocareer.net/user/login,1795,0,1748
1693822080330,2051,Admin Login,200,OK,Thread Group 1-3,text,true,,592,310,4,4,https://dmoney.roadtocareer.net/user/login,2044,0,1997
1693822080083,2298,Admin Login,200,OK,Thread Group 1-2,text,true,,592,310,4,4,https://dmoney.roadtocareer.net/user/login,2291,0,2244
1693822082536,44,Create Agent,201,Created,Thread Group 1-2,text,true,,615,618,4,4,https://dmoney.roadtocareer.net/user/create,44,0,0
1693822082536,48,Create Agent,201,Created,Thread Group 1-4,text,true,,615,618,4,4,https://dmoney.roadtocareer.net/user/create,48,0,0
1693822082536,49,Create Agent,201,Created,Thread Group 1-3,text,true,,615,618,4,4,https://dmoney.roadtocareer.net/user/create,49,0,0
1693822082539,46,Create Agent,201,Created,Thread Group 1-1,text,true,,615,618,4,4,https://dmoney.roadtocareer.net/user/create,46,0,0
1693822082585,33,Create Customer,201,Created,Thread Group 1-3,text,true,,624,627,4,4,https://dmoney.roadtocareer.net/user/create,33,0,0
1693822082581,38,Create Customer,201,Created,Thread Group 1-2,text,true,,624,627,4,4,https://dmoney.roadtocareer.net/user/create,38,0,0
1693822082584,35,Create Customer,201,Created,Thread Group 1-4,text,true,,624,627,4,4,https://dmoney.roadtocareer.net/user/create,35,0,0
1693822082585,36,Create Customer,201,Created,Thread Group 1-1,text,true,,624,627,4,4,https://dmoney.roadtocareer.net/user/create,36,0,0
1693822082620,102,Deposit to Agent from System,201,Created,Thread Group 1-4,text,true,,443,527,4,4,https://dmoney.roadtocareer.net/transaction/deposit,102,0,0
1693822082618,102,Deposit to Agent from System,201,Created,Thread Group 1-3,text,true,,443,527,4,4,https://dmoney.roadtocareer.net/transaction/deposit,102,0,0
1693822082620,103,Deposit to Agent from System,201,Created,Thread Group 1-2,text,true,,443,527,4,4,https://dmoney.roadtocareer.net/transaction/deposit,103,0,0
1693822082622,101,Deposit to Agent from System,201,Created,Thread Group 1-1,text,true,,443,527,4,4,https://dmoney.roadtocareer.net/transaction/deposit,101,0,0
1693822082729,99,Deposit to Customer from Agent,201,Created,Thread Group 1-2,text,true,,437,532,4,4,https://dmoney.roadtocareer.net/transaction/deposit,99,0,0
1693822082729,99,Deposit to Customer from Agent,201,Created,Thread Group 1-1,text,true,,436,532,4,4,https://dmoney.roadtocareer.net/transaction/deposit,98,0,0
1693822082729,99,Deposit to Customer from Agent,201,Created,Thread Group 1-4,text,true,,437,532,4,4,https://dmoney.roadtocareer.net/transaction/deposit,99,0,0
1693822082729,99,Deposit to Customer from Agent,201,Created,Thread Group 1-3,text,true,,437,532,4,4,https://dmoney.roadtocareer.net/transaction/deposit,99,0,0
1693822082831,42,Check Balance,200,OK,Thread Group 1-2,text,true,,377,432,4,4,https://dmoney.roadtocareer.net/transaction/balance/01880024764,42,0,0
1693822082831,42,Check Balance,200,OK,Thread Group 1-4,text,true,,377,432,4,4,https://dmoney.roadtocareer.net/transaction/balance/01880088930,42,0,0
1693822082831,42,Check Balance,200,OK,Thread Group 1-3,text,true,,377,432,4,4,https://dmoney.roadtocareer.net/transaction/balance/01880034860,42,0,0
1693822082831,42,Check Balance,200,OK,Thread Group 1-1,text,true,,377,432,4,4,https://dmoney.roadtocareer.net/transaction/balance/01880048187,42,0,0
1693822082874,38,Money Withdraw,208,Already Reported,Thread Group 1-1,text,true,,420,536,4,4,https://dmoney.roadtocareer.net/transaction/withdraw,37,0,0
1693822082874,38,Money Withdraw,208,Already Reported,Thread Group 1-4,text,true,,420,536,4,4,https://dmoney.roadtocareer.net/transaction/withdraw,37,0,0
1693822082874,41,Money Withdraw,208,Already Reported,Thread Group 1-2,text,true,,420,536,4,4,https://dmoney.roadtocareer.net/transaction/withdraw,41,0,0
1693822082874,41,Money Withdraw,208,Already Reported,Thread Group 1-3,text,true,,420,536,4,4,https://dmoney.roadtocareer.net/transaction/withdraw,41,0,0
1693822082913,32,Payment,208,Already Reported,Thread Group 1-4,text,true,,420,535,4,4,https://dmoney.roadtocareer.net/transaction/payment,32,0,0
1693822082913,34,Payment,208,Already Reported,Thread Group 1-1,text,true,,420,535,4,4,https://dmoney.roadtocareer.net/transaction/payment,34,0,0
1693822082915,34,Payment,208,Already Reported,Thread Group 1-2,text,true,,420,535,4,4,https://dmoney.roadtocareer.net/transaction/payment,34,0,0
1693822082915,36,Payment,208,Already Reported,Thread Group 1-3,text,true,,420,535,1,1,https://dmoney.roadtocareer.net/transaction/payment,36,0,0
